Strategy,Return (%),Sharpe Ratio,Max Drawdown (%),Win Rate (%),Trades
Trend Following,,-0.0976274210480475,-19.70496315506336,16.666666666666664,12
Mean Reversion,,0.33232705420404995,-19.073435385847684,100.0,2
Grid Trading,,-0.1926335893343194,-36.14211880992134,65.38461538461539,52
