Strategy,Return (%),Sharpe Ratio,Max Drawdown (%),Win Rate (%),Trades
Trend Following,,-0.04030047763964252,-19.70496315506336,20.0,10
Mean Reversion,,0.33232705420404995,-19.073435385847684,100.0,2
Grid Trading,,-0.3783408556073847,-41.2125215073058,62.5,48
