Strategy,Return (%),Sharpe Ratio,Max Drawdown (%),Win Rate (%),Trades
Mean Reversion,12.707440045913682,0.332915677051756,-19.073435385847684,100.0,2
Trend Following,-2.6936463225678016,-0.08815513846559699,-19.704963155063353,16.666666666666664,12
Grid Trading,-13.31842130663401,-0.19667545433686515,-41.66508778246092,62.96296296296296,54
