Strategy,Return (%),Sharpe Ratio,Max Drawdown (%),Win Rate (%),Trades
Mean Reversion,12.707440045913682,0.33291567705175573,-19.073435385847684,100.0,2
Trend Following,-11.091795536913777,-0.3708622469362504,-19.704963155063364,20.0,10
Grid Trading,-20.69322055562012,-0.3555013435339542,-39.527598895988014,53.84615384615385,52
